isl,osl,mc,num_prompts,duration_s,completed,output_tok_s,total_tok_s,req_s,mean_ttft_ms,median_ttft_ms,p99_ttft_ms,mean_tpot_ms,median_tpot_ms,p99_tpot_ms
96000,32000,256,1,636.39,1,50.28,201.13,0.0016,10942.5,10942.5,10942.5,19.55,19.55,19.55
96000,32000,256,8,689.52,8,371.28,1485.1,0.0116,20240.0,18289.2,29248.1,20.91,20.97,21.06
96000,32000,256,16,762.39,16,671.57,2686.29,0.021,28283.1,27030.2,45647.5,22.93,22.97,23.28
96000,32000,256,32,921.23,32,1111.56,4446.23,0.0347,45346.2,45245.7,82298.1,27.35,27.35,28.21
96000,32000,256,64,1090.79,64,1877.53,7510.12,0.0587,79773.2,78896.6,152863.9,31.54,31.57,33.44
96000,32000,256,128,1263.26,128,3242.42,12969.67,0.1013,147780.0,147181.5,283159.4,34.77,34.79,38.73
96000,32000,256,256,1728.68,256,4738.86,18955.46,0.1481,286241.5,285657.0,552643.6,44.9,44.92,53.08
96000,32000,256,512,3469.92,512,4721.72,18886.88,0.1476,164307.2,69186.8,549655.9,48.99,53.04,53.47
8192,1000,256,1,20.3,1,49.25,452.75,0.0493,903.0,903.0,903.0,19.42,19.42,19.42
8192,1000,256,8,23.19,8,344.95,3170.78,0.345,2303.4,2093.9,3062.0,20.86,21.06,22.14
8192,1000,256,16,28.05,16,570.47,5243.77,0.5705,3385.1,2876.5,5448.0,24.6,25.09,26.78
8192,1000,256,32,33.7,32,949.59,8728.67,0.9496,5160.7,5148.5,7466.9,28.48,28.49,32.22
8192,1000,256,64,44.07,64,1452.38,13350.26,1.4524,8257.0,7965.2,14550.1,35.65,35.93,41.97
8192,1000,256,128,55.17,128,2319.94,21324.93,2.3199,13962.5,14067.6,24173.6,40.98,40.88,52.41
8192,1000,256,256,84.16,256,3041.83,27960.52,3.0418,25677.5,25662.2,47409.9,57.99,58.0,81.0
8192,1000,256,512,168.23,512,3043.47,27975.54,3.0435,16379.4,8845.7,47310.6,67.53,77.23,81.08
8192,1000,256,1024,340.29,1024,3009.21,27660.66,3.0092,11814.9,7401.4,46149.7,73.19,77.73,81.74
